Client_ced,Client_name,Client_last_name,Client_email,Client_rented,Client_adress,Client_active
39675194,Jordana,Capponer,jcapponer0@over-blog.com,10,51 Sullivan Plaza,true
18347953,Skippie,Stannion,sstannion1@freewebs.com,10,3375 Shoshone Junction,true
12433402,Cassie,Redshaw,credshaw2@youtube.com,10,6 Corben Plaza,true
30538192,Sarita,Ridel,sridel3@si.edu,8,629 Hoard Plaza,true
10024113,Nolie,Bedle,nbedle4@jiathis.com,9,170 South Place,true
31243754,Deane,Reedshaw,dreedshaw5@about.com,3,90561 Basil Trail,true
17090013,Marylin,Cardoso,mcardoso6@apache.org,1,5 Bunker Hill Pass,true
29414242,Sharline,Thirlwall,sthirlwall7@1und1.de,5,04 Westend Junction,false
12168520,Beckie,Vinck,bvinck8@qq.com,4,083 Mallory Trail,false
6395048,Matthew,Edeson,medeson9@irs.gov,4,3212 Harbort Pass,true
10754794,Hiram,Grimoldby,hgrimoldbya@telegraph.co.uk,6,6 Fuller Center,false
14488336,Daron,Merriday,dmerridayb@godaddy.com,2,43 Pepper Wood Circle,false
29485972,Binnie,Fenty,bfentyc@reddit.com,9,5221 Welch Road,true
29343155,Elmer,Storre,estorred@businessweek.com,8,1494 Forster Center,true
5446737,Albrecht,Kunc,akunce@miitbeian.gov.cn,8,06 Ryan Terrace,false
19744433,Logan,Whittet,lwhittetf@eepurl.com,2,2 Schmedeman Junction,true
33168345,Calhoun,Ashpole,cashpoleg@usgs.gov,5,00202 Sage Point,false
8724365,Kelby,Fend,kfendh@apple.com,9,23 East Pass,true
28568676,Courtnay,Fitzroy,cfitzroyi@unesco.org,6,14 Fallview Hill,true
13746950,Lev,Edmands,ledmandsj@google.cn,6,32718 Loftsgordon Alley,false
25016786,Myrtle,Sexten,msextenk@simplemachines.org,5,441 Briar Crest Trail,false
11354116,Tiff,Van Arsdale,tvanarsdalel@plala.or.jp,8,4571 Bonner Lane,true
3134444,Maegan,Wadman,mwadmanm@bluehost.com,1,3729 Susan Trail,false
11160182,Esma,Keary,ekearyn@ycombinator.com,3,37 Pearson Junction,false
38909092,Tandie,Monkman,tmonkmano@edublogs.org,9,465 Tony Point,false
13348365,Gherardo,Djordjevic,gdjordjevicp@ezinearticles.com,6,5 Londonderry Drive,true
21312205,Maxie,Samwaye,msamwayeq@wp.com,7,3246 Macpherson Terrace,true
35414685,Harli,Eye,heyer@dell.com,3,9260 Toban Center,false
25604586,Jaime,Gisby,jgisbys@deviantart.com,1,183 Lunder Place,false
7332341,Krishnah,Byne,kbynet@soup.io,2,3962 Florence Crossing,true
37780844,Ronald,Coopland,rcooplandu@cargocollective.com,3,4319 Florence Hill,true
19020225,Borg,Shorthouse,bshorthousev@auda.org.au,6,9395 Jackson Trail,true
15461258,Marcellina,Klementz,mklementzw@ameblo.jp,4,76 Stone Corner Street,false
35925846,Thekla,Froome,tfroomex@discovery.com,8,5 Northland Trail,true
13220019,Abner,Montgomery,amontgomeryy@livejournal.com,5,10 Roth Trail,false
20284087,Ardenia,Spiteri,aspiteriz@amazon.com,6,9 Lake View Place,true
7502689,Quinlan,Lyness,qlyness10@nyu.edu,6,6687 Emmet Alley,true
23705052,Leoline,Kubacek,lkubacek11@123-reg.co.uk,6,007 Nancy Lane,false
36582249,Darn,Pimlock,dpimlock12@fastcompany.com,6,85701 Old Gate Park,true
25503153,Shannon,Ditter,sditter13@scientificamerican.com,1,398 Burning Wood Avenue,false
26363215,Simmonds,Antliff,santliff14@google.fr,9,9922 Anzinger Crossing,true
34820067,Corbet,Richardson,crichardson15@nbcnews.com,4,040 Gina Circle,true
26124729,Maybelle,Sandbach,msandbach16@yandex.ru,9,2149 Kenwood Park,true
8547651,Wallie,Cosgriff,wcosgriff17@house.gov,4,5246 Artisan Center,true
39772241,Field,Janton,fjanton18@photobucket.com,5,475 Dovetail Park,false
21248252,Zechariah,Imeson,zimeson19@opensource.org,2,329 Del Mar Street,false
30933585,Bertie,Bosket,bbosket1a@list-manage.com,6,33145 Farwell Circle,false
23813772,Gretchen,Slamaker,gslamaker1b@ask.com,6,158 4th Alley,false
29426588,Griffy,Yandle,gyandle1c@ibm.com,3,14275 Memorial Road,true
5008365,Zita,Dennert,zdennert1d@flavors.me,7,57432 Scott Place,false
31725383,Hertha,Balasin,hbalasin1e@oaic.gov.au,8,408 Aberg Drive,false
28328899,Zeb,Waylett,zwaylett1f@live.com,1,8985 Warbler Center,false
26670721,Rori,Cappell,rcappell1g@t-online.de,3,8 Warbler Way,true
9939362,Reube,Lygo,rlygo1h@auda.org.au,3,11728 Gina Drive,true
7131357,Eolanda,Gyves,egyves1i@time.com,3,977 Eagan Pass,true
39070404,Shermie,Piers,spiers1j@blogs.com,5,1580 Schlimgen Alley,true
11747443,Bowie,Wichard,bwichard1k@mozilla.com,7,02310 Chinook Center,true
37739211,Heinrick,McAlarney,hmcalarney1l@de.vu,8,60128 High Crossing Crossing,true
28485816,Nolly,Noddings,nnoddings1m@so-net.ne.jp,10,62 Toban Plaza,false
23820948,Meara,Norwell,mnorwell1n@networkadvertising.org,4,040 Hagan Pass,true
12999364,Theodor,Conaboy,tconaboy1o@edublogs.org,4,015 Dwight Way,true
3113662,Gerrie,Bertin,gbertin1p@rakuten.co.jp,3,8 Trailsway Trail,true
23894566,Moira,Haggleton,mhaggleton1q@discuz.net,1,24812 Lawn Place,true
4473880,Tiffanie,Andriesse,tandriesse1r@arizona.edu,7,1058 Brown Way,true
16600957,Bria,Westfield,bwestfield1s@boston.com,10,5963 Express Alley,false
3121992,Mollie,Bounde,mbounde1t@upenn.edu,5,52 7th Center,true
743919,Brewster,Faulo,bfaulo1u@cornell.edu,1,48779 Fuller Terrace,false
6961077,Maximilian,Johannesson,mjohannesson1v@youku.com,5,8288 Artisan Junction,false
11294921,Darbee,Bernlin,dbernlin1w@walmart.com,2,664 Hallows Lane,true
33573843,Kimbell,Duding,kduding1x@cnn.com,5,6563 Grasskamp Way,false
35953080,Tomi,Doiley,tdoiley1y@intel.com,10,9 Lakewood Center,false
896850,Noble,Heminsley,nheminsley1z@wikispaces.com,3,84199 Oak Valley Court,true
35346888,Colleen,Cummings,ccummings20@icq.com,3,570 Weeping Birch Park,false
3060963,Fania,Fones,ffones21@foxnews.com,6,661 Lyons Pass,true
794240,Dannel,Anton,danton22@dmoz.org,5,9 Waywood Road,true
11014285,Vally,Wisby,vwisby23@dailymail.co.uk,7,835 Hooker Circle,true
2061951,Lamond,Millins,lmillins24@51.la,9,6 Northridge Terrace,true
13900269,Leisha,Mars,lmars25@mac.com,3,08648 Jana Drive,false
27891303,Bartram,Kerwick,bkerwick26@sohu.com,3,46314 7th Pass,true
30192897,Gratia,Duffin,gduffin27@xrea.com,3,451 Talisman Court,true
36591964,Allene,Peeke-Vout,apeekevout28@japanpost.jp,9,43949 Shopko Terrace,false
25545044,Wendye,Inglese,winglese29@vimeo.com,5,8 Maywood Road,true
5190706,Terri,Allberry,tallberry2a@loc.gov,3,11 Forest Dale Park,false
35080191,Adore,Baudinot,abaudinot2b@amazonaws.com,1,40 Acker Way,true
11801361,Lexy,Nockolds,lnockolds2c@google.cn,10,711 Lakewood Lane,true
1669330,Nancie,Windle,nwindle2d@icq.com,10,4 Messerschmidt Point,true
8004719,Dania,Berzins,dberzins2e@icq.com,3,60 Portage Lane,true
31199566,Monroe,Cookman,mcookman2f@house.gov,10,7024 Stang Court,true
38975239,Manon,Caulton,mcaulton2g@dailymotion.com,9,085 Scoville Parkway,false
17502269,Samuele,Filde,sfilde2h@cbslocal.com,1,95002 Bartillon Street,true
17524670,Karylin,Doubrava,kdoubrava2i@theguardian.com,10,9025 Macpherson Pass,true
28714879,Shoshanna,Oldridge,soldridge2j@dmoz.org,9,24596 Pierstorff Drive,true
3962466,Alli,Moriarty,amoriarty2k@nifty.com,4,31860 Derek Trail,false
31572761,Sigfried,Conduit,sconduit2l@mozilla.org,3,62517 Cordelia Parkway,true
20564609,Honey,Dowry,hdowry2m@blogger.com,6,54114 Florence Point,true
7155953,Franny,Rudd,frudd2n@state.tx.us,10,8 Lawn Road,false
19341736,Chancey,Cardis,ccardis2o@cdbaby.com,8,41896 Golf Alley,false
30946705,Erinn,Erett,eerett2p@phoca.cz,5,60450 Jackson Center,false
21122123,Zacharie,Beastall,zbeastall2q@nsw.gov.au,3,3009 Dottie Place,true
1031606,Jerry,Valti,jvalti2r@baidu.com,5,43 Hoepker Place,true
5,t,t,a,9,t,FALSE
