name,password,rol
1,Espinheira,jespinheira0@upenn.edu
2,Fairtlough,dfairtlough1@rakuten.co.jp
3,Treverton,etreverton2@themeforest.net
4,Sango,asango3@merriam-webster.com
5,Munnings,omunnings4@webs.com
6,McTrustam,cmctrustam5@linkedin.com
7,Fitton,kfitton6@soundcloud.com
8,Caswall,rcaswall7@mapy.cz
9,Warsop,awarsop8@pbs.org
10,Grabiec,sgrabiec9@aol.com
11,Normanell,vnormanella@msn.com
12,Hartness,shartnessb@dot.gov
13,Sullivan,bsullivanc@msn.com
14,Nicolson,dnicolsond@bloglovin.com
15,Emby,bembye@blogger.com
16,Mansbridge,hmansbridgef@prlog.org
17,Seeley,cseeleyg@fema.gov
18,Ide,mideh@cnbc.com
19,Easum,jeasumi@furl.net
20,Vertigan,jvertiganj@wiley.com
21,Bonavia,tbonaviak@wunderground.com
22,Werrett,jwerrettl@vinaora.com
23,McGrail,hmcgrailm@youku.com
24,Lanktree,llanktreen@blogs.com
25,Gibben,kgibbeno@bing.com
26,Gibb,ngibbp@fc2.com
27,Andreaccio,gandreaccioq@wordpress.com
28,Rubbens,mrubbensr@privacy.gov.au
29,Shadwick,cshadwicks@home.pl
30,Yushmanov,jyushmanovt@devhub.com
31,Knowlden,gknowldenu@cloudflare.com
32,Earl,aearlv@japanpost.jp
33,Gilmour,bgilmourw@yellowbook.com
34,Strute,rstrutex@springer.com
35,Helks,whelksy@nbcnews.com
36,Dunphie,jdunphiez@google.com
37,Lawfull,slawfull10@webs.com
38,Maseyk,lmaseyk11@reddit.com
39,Castagna,rcastagna12@google.nl
40,Seadon,bseadon13@studiopress.com
41,Onraet,lonraet14@hc360.com
42,Tonkinson,stonkinson15@sakura.ne.jp
43,Beavon,hbeavon16@1688.com
44,Boulding,hboulding17@51.la
45,Fuentes,qfuentes18@bing.com
46,Akram,wakram19@google.nl
47,Catonne,hcatonne1a@etsy.com
48,Gisburn,egisburn1b@issuu.com
49,Campey,xcampey1c@lulu.com
50,Winkworth,kwinkworth1d@state.gov
51,Avon,wavon1e@multiply.com
52,Armistead,tarmistead1f@amazon.de
53,Stear,mstear1g@domainmarket.com
54,Sennett,gsennett1h@sina.com.cn
55,McQuirter,smcquirter1i@weebly.com
56,McQuaide,ymcquaide1j@youku.com
57,Racher,aracher1k@prweb.com
58,Eagleton,aeagleton1l@google.pl
59,Whitcombe,jwhitcombe1m@myspace.com
60,Spellicy,aspellicy1n@newsvine.com
61,Flinn,aflinn1o@redcross.org
62,Krout,bkrout1p@nbcnews.com
63,Jankovsky,njankovsky1q@netscape.com
64,Harrington,tharrington1r@mozilla.com
65,Domm,edomm1s@discovery.com
66,Sans,jsans1t@vkontakte.ru
67,Baldacchi,rbaldacchi1u@arstechnica.com
68,Ferrige,lferrige1v@china.com.cn
69,Millwater,gmillwater1w@last.fm
70,Dykas,gdykas1x@mlb.com
71,Delgadillo,fdelgadillo1y@chronoengine.com
72,Rannald,drannald1z@merriam-webster.com
73,Sallery,csallery20@elpais.com
74,Storch,rstorch21@about.me
75,Olyunin,volyunin22@google.com
76,Cathenod,tcathenod23@upenn.edu
77,Tracey,ttracey24@studiopress.com
78,Braferton,pbraferton25@admin.ch
79,Dubble,sdubble26@netscape.com
80,Koeppke,rkoeppke27@arizona.edu
81,Kristof,akristof28@goo.gl
82,Ply,zply29@acquirethisname.com
83,Hann,fhann2a@zdnet.com
84,Waterfall,gwaterfall2b@nps.gov
85,Goatman,egoatman2c@wired.com
86,Bockmaster,fbockmaster2d@alibaba.com
87,Longstaffe,tlongstaffe2e@sciencedirect.com
88,Varga,hvarga2f@howstuffworks.com
89,Trevain,atrevain2g@howstuffworks.com
90,Albert,aalbert2h@yelp.com
91,Burgane,cburgane2i@zdnet.com
92,Fills,wfills2j@skype.com
93,Robic,crobic2k@craigslist.org
94,Heaslip,rheaslip2l@ehow.com
95,Mc Andrew,dmcandrew2m@webs.com
96,Stainer,astainer2n@utexas.edu
97,Julian,bjulian2o@elegantthemes.com
98,Speechly,dspeechly2p@utexas.edu
99,Beathem,vbeathem2q@theglobeandmail.com
100,Dannett,wdannett2r@odnoklassniki.ru
101,Lingley,mlingley2s@nationalgeographic.com
102,Alder,falder2t@epa.gov
103,Duffit,fduffit2u@google.com.br
104,Conaboy,jconaboy2v@state.tx.us
105,Bowdery,tbowdery2w@ovh.net
106,de Banke,cdebanke2x@google.com.au
107,Parcell,pparcell2y@bluehost.com
108,Brachell,kbrachell2z@simplemachines.org
109,Gerwood,agerwood30@xing.com
110,Applebee,lapplebee31@japanpost.jp
111,Lowther,glowther32@newyorker.com
112,Askey,gaskey33@abc.net.au
113,Shalcros,eshalcros34@plala.or.jp
114,Fidge,lfidge35@godaddy.com
115,McClean,emcclean36@fema.gov
116,Jaskiewicz,ijaskiewicz37@forbes.com
117,Giddons,dgiddons38@dropbox.com
118,Rubinovici,drubinovici39@scientificamerican.com
119,Wilbraham,swilbraham3a@indiegogo.com
120,Pauncefort,wpauncefort3b@hostgator.com
121,Morstatt,lmorstatt3c@ezinearticles.com
122,Moulson,lmoulson3d@naver.com
123,Pritchett,lpritchett3e@google.co.jp
124,Scouller,hscouller3f@hugedomains.com
125,Ballach,lballach3g@va.gov
126,Arber,carber3h@nsw.gov.au
127,Jaskowicz,mjaskowicz3i@spotify.com
128,Humber,thumber3j@who.int
129,Surcomb,isurcomb3k@comsenz.com
130,Haller,khaller3l@columbia.edu
131,Heeney,theeney3m@flickr.com
132,Tedahl,atedahl3n@parallels.com
133,Culy,wculy3o@economist.com
134,Peris,eperis3p@google.fr
135,Circuit,tcircuit3q@home.pl
136,Backhouse,rbackhouse3r@craigslist.org
137,Minchin,ominchin3s@myspace.com
138,McElvogue,rmcelvogue3t@google.es
139,Irvin,pirvin3u@mysql.com
140,Lebang,alebang3v@list-manage.com
141,Cash,lcash3w@yale.edu
142,Osgerby,wosgerby3x@forbes.com
143,Jennions,tjennions3y@last.fm
144,McAlees,kmcalees3z@usnews.com
145,Zealander,nzealander40@patch.com
146,Gouldthorp,cgouldthorp41@senate.gov
147,Mahaddie,tmahaddie42@uol.com.br
148,Connerry,kconnerry43@dion.ne.jp
149,Drohane,cdrohane44@noaa.gov
150,Clougher,cclougher45@opensource.org
151,Ickovits,cickovits46@nbcnews.com
152,Pettko,rpettko47@jiathis.com
153,Hug,hhug48@geocities.jp
154,Brenstuhl,abrenstuhl49@patch.com
155,Trotman,ttrotman4a@mapquest.com
156,Ransome,kransome4b@purevolume.com
157,Linnett,mlinnett4c@last.fm
158,Gaddes,kgaddes4d@accuweather.com
159,De Gregorio,ldegregorio4e@histats.com
160,Capel,hcapel4f@wufoo.com
161,Kaindl,tkaindl4g@ftc.gov
162,Diboll,cdiboll4h@themeforest.net
163,Blakeley,sblakeley4i@businesswire.com
164,Tilby,rtilby4j@woothemes.com
165,Siddons,tsiddons4k@wunderground.com
166,Blomfield,jblomfield4l@merriam-webster.com
167,Tate,dtate4m@weather.com
168,McCool,jmccool4n@naver.com
169,Cosyns,mcosyns4o@cornell.edu
170,Albrooke,lalbrooke4p@newsvine.com
171,Charity,ccharity4q@twitpic.com
172,Cicero,hcicero4r@webs.com
173,Slad,dslad4s@networksolutions.com
174,Pepys,kpepys4t@toplist.cz
175,Jurs,cjurs4u@tuttocitta.it
176,Dahlback,adahlback4v@sciencedirect.com
177,Ferraro,fferraro4w@nps.gov
178,Collelton,jcollelton4x@independent.co.uk
179,Vescovo,ovescovo4y@nhs.uk
180,Redmell,dredmell4z@deliciousdays.com
181,Nickoll,anickoll50@ucsd.edu
182,Zannetti,bzannetti51@twitpic.com
183,Caney,rcaney52@gmpg.org
184,Peakman,mpeakman53@intel.com
185,Kynman,mkynman54@tamu.edu
186,Devonshire,edevonshire55@imageshack.us
187,Burkin,kburkin56@diigo.com
188,Lavender,tlavender57@ifeng.com
189,Savoury,dsavoury58@cafepress.com
190,Brunnen,dbrunnen59@rambler.ru
191,Orrell,aorrell5a@nps.gov
192,Gaylor,fgaylor5b@xinhuanet.com
193,Mephan,gmephan5c@twitpic.com
194,Antonik,vantonik5d@nhs.uk
195,Nestor,anestor5e@yale.edu
196,Urey,turey5f@pbs.org
197,Fahrenbacher,cfahrenbacher5g@cnet.com
198,Dutton,ldutton5h@state.gov
199,Bonsall,lbonsall5i@facebook.com
200,Burness,wburness5j@ucoz.ru
201,Cobbold,lcobbold5k@ucoz.com
202,Maccrie,smaccrie5l@java.com
203,Newbatt,knewbatt5m@accuweather.com
204,Meekings,mmeekings5n@umn.edu
205,Karlik,pkarlik5o@msn.com
206,Adds,gadds5p@wordpress.com
207,Lovewell,slovewell5q@microsoft.com
208,Gold,fgold5r@google.com.br
209,Rusted,mrusted5s@state.gov
210,Blare,wblare5t@jimdo.com
211,Roskeilly,croskeilly5u@youku.com
212,Gouldsmith,pgouldsmith5v@instagram.com
213,Broadbear,abroadbear5w@webs.com
214,Netti,lnetti5x@uol.com.br
215,Chastney,jchastney5y@booking.com
216,Livings,flivings5z@hc360.com
217,Pencot,epencot60@goodreads.com
218,Du Hamel,lduhamel61@discovery.com
219,Johnsee,ejohnsee62@vimeo.com
220,Punshon,bpunshon63@oakley.com
221,Cocker,dcocker64@google.nl
222,Semark,ksemark65@hexun.com
223,Piwall,ypiwall66@istockphoto.com
224,Twitty,ltwitty67@wunderground.com
225,O'Curran,vocurran68@google.cn
226,Mewha,kmewha69@e-recht24.de
227,Burtonwood,iburtonwood6a@washingtonpost.com
228,Demcak,jdemcak6b@sciencedaily.com
229,Garatty,vgaratty6c@latimes.com
230,Van der Krui,bvanderkrui6d@blogspot.com
231,Brader,fbrader6e@thetimes.co.uk
232,Andresen,handresen6f@lycos.com
233,Bailie,dbailie6g@indiegogo.com
234,Machin,cmachin6h@cbsnews.com
235,Braybrook,kbraybrook6i@unblog.fr
236,Knowller,gknowller6j@ask.com
237,Chaplyn,bchaplyn6k@scientificamerican.com
238,Henbury,dhenbury6l@icq.com
239,Shireff,kshireff6m@webmd.com
240,Morman,dmorman6n@1688.com
241,Calliss,dcalliss6o@networkadvertising.org
242,Cricket,mcricket6p@rediff.com
243,Crowcombe,ncrowcombe6q@squidoo.com
244,Caldeiro,rcaldeiro6r@twitpic.com
245,Digginson,rdigginson6s@ameblo.jp
246,Maren,mmaren6t@arizona.edu
247,Spiniello,cspiniello6u@alibaba.com
248,Sextone,asextone6v@cnn.com
249,Denys,ydenys6w@infoseek.co.jp
250,Pellew,wpellew6x@earthlink.net
251,Abramovici,mabramovici6y@abc.net.au
252,Maris,amaris6z@toplist.cz
253,Veneur,lveneur70@ihg.com
254,Gurrado,sgurrado71@privacy.gov.au
255,Poynter,dpoynter72@yandex.ru
256,Romanski,sromanski73@usgs.gov
257,Chansonnau,echansonnau74@washingtonpost.com
258,Levey,clevey75@sakura.ne.jp
259,Glowacki,lglowacki76@msu.edu
260,Krahl,lkrahl77@sourceforge.net
261,Padfield,apadfield78@google.cn
262,Eloi,seloi79@digg.com
263,Ibbison,wibbison7a@un.org
264,Dwire,fdwire7b@wordpress.org
265,Firebrace,sfirebrace7c@ted.com
266,Vedyashkin,fvedyashkin7d@ameblo.jp
267,Glitherow,cglitherow7e@europa.eu
268,Caw,fcaw7f@themeforest.net
269,O'Doghesty,aodoghesty7g@desdev.cn
270,Heale,eheale7h@noaa.gov
271,Wickson,mwickson7i@ebay.com
272,Rissen,srissen7j@exblog.jp
273,Rapson,krapson7k@smh.com.au
274,Antonazzi,gantonazzi7l@prlog.org
275,Aguirrezabala,caguirrezabala7m@paginegialle.it
276,Abdee,tabdee7n@soundcloud.com
277,Pate,npate7o@godaddy.com
278,Ciccottini,gciccottini7p@livejournal.com
279,Allso,ballso7q@walmart.com
280,Ramelet,cramelet7r@wikimedia.org
281,Sooper,ksooper7s@amazon.co.uk
282,Ridgway,dridgway7t@admin.ch
283,Hunnable,vhunnable7u@usatoday.com
284,Thornborrow,vthornborrow7v@oracle.com
285,Bardill,mbardill7w@wikia.com
286,Florey,dflorey7x@washington.edu
287,Farley,gfarley7y@fema.gov
288,Lethebridge,dlethebridge7z@wiley.com
289,Cowpland,scowpland80@linkedin.com
290,Hunnaball,thunnaball81@usa.gov
291,Vakhlov,svakhlov82@biblegateway.com
292,Bollen,mbollen83@hp.com
293,Fagence,efagence84@discuz.net
294,Sherrard,asherrard85@prlog.org
295,Darmody,ndarmody86@usatoday.com
296,Fenemore,pfenemore87@dropbox.com
297,Earle,mearle88@ezinearticles.com
298,Girling,cgirling89@friendfeed.com
299,Keirle,jkeirle8a@spotify.com
300,Kember,lkember8b@taobao.com
301,Massimi,tmassimi8c@japanpost.jp
302,Bensley,rbensley8d@dot.gov
303,Lympenie,alympenie8e@amazon.co.jp
304,Labb,clabb8f@rediff.com
305,Saltrese,dsaltrese8g@uol.com.br
306,Clapton,jclapton8h@marriott.com
307,Redfern,hredfern8i@ning.com
308,Cahn,scahn8j@sina.com.cn
309,Fust,dfust8k@nhs.uk
310,Vernazza,dvernazza8l@joomla.org
311,Gatiss,dgatiss8m@washington.edu
312,Pykett,bpykett8n@unc.edu
313,Storry,bstorry8o@webmd.com
314,Dorran,cdorran8p@wired.com
315,Gotthard,jgotthard8q@wikispaces.com
316,Paty,wpaty8r@google.ca
317,Karleman,gkarleman8s@163.com
318,Geerling,kgeerling8t@vinaora.com
319,Earngy,hearngy8u@ning.com
320,Fuggle,cfuggle8v@latimes.com
321,Burkwood,aburkwood8w@bloomberg.com
322,Winfindine,awinfindine8x@howstuffworks.com
323,Frisch,sfrisch8y@yellowpages.com
324,Benterman,lbenterman8z@youtube.com
325,Overstreet,roverstreet90@noaa.gov
326,Chillingworth,mchillingworth91@studiopress.com
327,Skeats,askeats92@feedburner.com
328,Iveson,giveson93@nbcnews.com
329,Fahrenbacher,mfahrenbacher94@comsenz.com
330,Ashling,rashling95@weather.com
331,Battson,rbattson96@de.vu
332,Shevlin,cshevlin97@indiatimes.com
333,Duprey,gduprey98@reverbnation.com
334,Guillou,dguillou99@technorati.com
335,Putterill,gputterill9a@skyrock.com
336,Yushmanov,hyushmanov9b@photobucket.com
337,Dreamer,sdreamer9c@hhs.gov
338,Forlonge,pforlonge9d@over-blog.com
339,Armall,narmall9e@imdb.com
340,Yeaman,gyeaman9f@ustream.tv
341,Sekulla,ssekulla9g@ycombinator.com
342,Whitlam,awhitlam9h@forbes.com
343,Parffrey,gparffrey9i@pbs.org
344,Ianilli,sianilli9j@ucoz.ru
345,Kohring,hkohring9k@php.net
346,Zannelli,czannelli9l@list-manage.com
347,Tuckwood,mtuckwood9m@virginia.edu
348,Borley,cborley9n@clickbank.net
349,MacAirt,hmacairt9o@opensource.org
350,Marin,hmarin9p@businessinsider.com
351,Bullier,abullier9q@ibm.com
352,Truscott,dtruscott9r@hostgator.com
353,Mattingly,pmattingly9s@ucsd.edu
354,Lowing,rlowing9t@simplemachines.org
355,Cheales,lcheales9u@163.com
356,Schach,cschach9v@java.com
357,Holyard,dholyard9w@whitehouse.gov
358,Edwick,wedwick9x@surveymonkey.com
359,Dodimead,ddodimead9y@soundcloud.com
360,Woolland,wwoolland9z@freewebs.com
361,Petrushka,hpetrushkaa0@kickstarter.com
362,Bachelor,sbachelora1@qq.com
363,Faye,mfayea2@odnoklassniki.ru
364,Grishaev,jgrishaeva3@bluehost.com
365,Roux,zrouxa4@bbb.org
366,Longcaster,blongcastera5@umn.edu
367,Humphries,lhumphriesa6@foxnews.com
368,Pitsall,ppitsalla7@sun.com
369,Charsley,bcharsleya8@google.cn
370,Slograve,nslogravea9@wsj.com
371,Cuardall,hcuardallaa@de.vu
372,Doyland,idoylandab@merriam-webster.com
373,Tremouille,otremouilleac@umn.edu
374,Treen,streenad@constantcontact.com
375,Batrim,jbatrimae@meetup.com
376,Skittles,tskittlesaf@vimeo.com
377,Stronach,gstronachag@latimes.com
378,Du Barry,rdubarryah@alexa.com
379,Fellona,jfellonaai@bbb.org
380,Shord,lshordaj@blogspot.com
381,Flanne,eflanneak@barnesandnoble.com
382,Silverstone,csilverstoneal@flavors.me
383,Hubbart,whubbartam@berkeley.edu
384,McQuirk,bmcquirkan@symantec.com
385,Pabelik,fpabelikao@tuttocitta.it
386,McGarry,kmcgarryap@devhub.com
387,Benning,abenningaq@comsenz.com
388,Stoggles,bstogglesar@comcast.net
389,Birtles,sbirtlesas@weibo.com
390,Deniseau,mdeniseauat@gov.uk
391,McGrae,cmcgraeau@pcworld.com
392,Arminger,aarmingerav@artisteer.com
393,Monteaux,imonteauxaw@oakley.com
394,Ciobutaro,sciobutaroax@telegraph.co.uk
395,Duckels,pduckelsay@usatoday.com
396,Westlake,dwestlakeaz@shinystat.com
397,Cardenas,dcardenasb0@tuttocitta.it
398,Cosson,rcossonb1@noaa.gov
399,Idel,gidelb2@imageshack.us
400,Beeken,tbeekenb3@pbs.org
401,Lacelett,wlacelettb4@thetimes.co.uk
402,Russe,arusseb5@harvard.edu
403,MacIlhagga,lmacilhaggab6@soundcloud.com
404,Chittem,rchittemb7@forbes.com
405,Treweke,strewekeb8@house.gov
406,Oldis,boldisb9@salon.com
407,Yong,lyongba@cocolog-nifty.com
408,Gargett,lgargettbb@usda.gov
409,Lindell,dlindellbc@fastcompany.com
410,Frontczak,bfrontczakbd@wunderground.com
411,Kitley,lkitleybe@usa.gov
412,Chippin,vchippinbf@google.co.jp
413,Gogerty,cgogertybg@naver.com
414,Claypole,rclaypolebh@ucoz.com
415,Lampbrecht,dlampbrechtbi@kickstarter.com
416,Jirusek,njirusekbj@hp.com
417,Lortz,hlortzbk@parallels.com
418,Byas,jbyasbl@webs.com
419,Mark,dmarkbm@state.gov
420,Obbard,robbardbn@bing.com
421,Cauldfield,mcauldfieldbo@cbsnews.com
422,Thoresby,mthoresbybp@mac.com
423,Gockeler,dgockelerbq@networksolutions.com
424,Francescone,cfrancesconebr@paypal.com
425,Fishley,rfishleybs@cam.ac.uk
426,Chattelaine,echattelainebt@columbia.edu
427,Elloway,kellowaybu@alexa.com
428,Poundsford,cpoundsfordbv@mapy.cz
429,Milbank,imilbankbw@pen.io
430,Lanphere,vlanpherebx@nbcnews.com
431,Baise,nbaiseby@bravesites.com
432,Mirrlees,gmirrleesbz@flavors.me
433,Melding,jmeldingc0@wufoo.com
434,Cribbott,ocribbottc1@opera.com
435,Revey,breveyc2@europa.eu
436,Prestner,qprestnerc3@ucoz.com
437,Domanek,ldomanekc4@plala.or.jp
438,Guisler,fguislerc5@about.com
439,Pesticcio,lpesticcioc6@alibaba.com
440,Hartrick,uhartrickc7@unc.edu
441,Coweuppe,ncoweuppec8@altervista.org
442,Cavnor,dcavnorc9@blinklist.com
443,Penberthy,spenberthyca@gov.uk
444,Bradie,lbradiecb@wordpress.org
445,Levick,dlevickcc@spiegel.de
446,Whitta,awhittacd@sbwire.com
447,Bernette,kbernettece@paginegialle.it
448,Glasscoo,rglasscoocf@cafepress.com
449,Butts,tbuttscg@eepurl.com
450,Mendes,fmendesch@addthis.com
451,Balhatchet,abalhatchetci@pinterest.com
452,Toffler,stofflercj@ifeng.com
453,Ferne,aferneck@comcast.net
454,Cumine,mcuminecl@npr.org
455,Adamovsky,badamovskycm@123-reg.co.uk
456,Belvard,sbelvardcn@buzzfeed.com
457,Wilsone,twilsoneco@chron.com
458,Mucci,bmuccicp@t.co
459,Vannar,evannarcq@sitemeter.com
460,Philippet,jphilippetcr@reuters.com
461,Huggens,ahuggenscs@wordpress.com
462,Hurndall,jhurndallct@utexas.edu
463,Hawksworth,phawksworthcu@amazon.de
464,Joannidi,zjoannidicv@blogtalkradio.com
465,Dawidsohn,tdawidsohncw@163.com
466,Josovich,sjosovichcx@accuweather.com
467,Tullis,htulliscy@freewebs.com
468,Tummons,atummonscz@ucoz.com
469,Camplen,acamplend0@buzzfeed.com
470,Sedman,bsedmand1@ca.gov
471,Humerstone,yhumerstoned2@histats.com
472,Lantaff,hlantaffd3@tumblr.com
473,Rizzotto,mrizzottod4@paginegialle.it
474,Stutt,ostuttd5@icio.us
475,Harkins,lharkinsd6@shutterfly.com
476,Meiklam,dmeiklamd7@is.gd
477,Pennycook,lpennycookd8@360.cn
478,Frankel,kfrankeld9@youtu.be
479,Brason,kbrasonda@goo.gl
480,Huffer,mhufferdb@nasa.gov
481,Diggle,adiggledc@pinterest.com
482,Kempton,tkemptondd@odnoklassniki.ru
483,Northcott,lnorthcottde@sciencedirect.com
484,Tamplin,ptamplindf@mapquest.com
485,Cornell,pcornelldg@lulu.com
486,Leall,glealldh@google.it
487,Pretty,mprettydi@mlb.com
488,Downing,ldowningdj@addthis.com
489,Callander,dcallanderdk@odnoklassniki.ru
490,Guesford,nguesforddl@microsoft.com
491,Youhill,ayouhilldm@skype.com
492,Mulhill,pmulhilldn@odnoklassniki.ru
493,De Hailes,adehailesdo@unesco.org
494,Justis,ajustisdp@twitter.com
495,Fursland,nfurslanddq@about.me
496,Spurman,hspurmandr@gov.uk
497,Hails,bhailsds@homestead.com
498,Farlow,tfarlowdt@issuu.com
499,Messier,fmessierdu@nasa.gov
500,Bassett,pbassettdv@google.fr
501,Vyel,pvyeldw@hugedomains.com
502,Naris,mnarisdx@ehow.com
503,McGowran,emcgowrandy@furl.net
504,O'Sesnane,eosesnanedz@arizona.edu
505,Stango,cstangoe0@usa.gov
506,Pohling,gpohlinge1@cnn.com
507,Rowles,orowlese2@theatlantic.com
508,March,mmarche3@java.com
509,Indgs,aindgse4@miibeian.gov.cn
510,Knill,rknille5@google.it
511,Sey,dseye6@mit.edu
512,Brann,gbranne7@jugem.jp
513,Hammant,ahammante8@indiegogo.com
514,Ginman,mginmane9@gmpg.org
515,Casini,hcasiniea@cocolog-nifty.com
516,Skeete,cskeeteeb@webeden.co.uk
517,Dellenbrook,rdellenbrookec@desdev.cn
518,Dunn,gdunned@nbcnews.com
519,Branchet,cbranchetee@cam.ac.uk
520,Scandred,hscandredef@time.com
521,Sweetzer,ksweetzereg@gravatar.com
522,Curror,ncurroreh@usnews.com
523,Newlin,tnewlinei@thetimes.co.uk
524,Spira,dspiraej@sohu.com
525,Sumner,asumnerek@ucoz.com
526,Pochon,fpochonel@oaic.gov.au
527,Savil,asavilem@people.com.cn
528,Pedley,cpedleyen@ycombinator.com
529,Odgaard,codgaardeo@boston.com
530,Maryska,rmaryskaep@arizona.edu
531,Filchakov,kfilchakoveq@eventbrite.com
532,Katzmann,dkatzmanner@baidu.com
533,Pethybridge,mpethybridgees@a8.net
534,Dearl,ndearlet@gizmodo.com
535,Isaacs,kisaacseu@fotki.com
536,Greenrod,dgreenrodev@comsenz.com
537,Applegarth,eapplegarthew@ft.com
538,Harrismith,tharrismithex@scribd.com
539,Haselden,ahaseldeney@flickr.com
540,Jewsbury,gjewsburyez@squidoo.com
541,Greystock,cgreystockf0@baidu.com
542,MacBain,wmacbainf1@example.com
543,Longbone,rlongbonef2@narod.ru
544,Catlette,fcatlettef3@earthlink.net
545,Cashford,mcashfordf4@comsenz.com
546,Mardy,amardyf5@w3.org
547,Handrahan,nhandrahanf6@senate.gov
548,Rubroe,arubroef7@example.com
549,Secretan,esecretanf8@vk.com
550,Karpol,gkarpolf9@businessweek.com
551,Douberday,kdouberdayfa@about.com
552,O'Regan,goreganfb@wikispaces.com
553,McCart,lmccartfc@youtu.be
554,Rickerby,lrickerbyfd@statcounter.com
555,Isabell,visabellfe@chron.com
556,Beilby,sbeilbyff@cbsnews.com
557,Lempertz,clempertzfg@blogs.com
558,Duetsche,lduetschefh@godaddy.com
559,Winsiowiecki,bwinsiowieckifi@theglobeandmail.com
560,Odlin,aodlinfj@odnoklassniki.ru
561,Walthew,jwalthewfk@stumbleupon.com
562,Mityushin,smityushinfl@hp.com
563,Licciardi,mlicciardifm@theglobeandmail.com
564,Such,esuchfn@indiatimes.com
565,Keary,ekearyfo@unesco.org
566,O'Clery,aocleryfp@berkeley.edu
567,Fabry,lfabryfq@t.co
568,Lowdyane,glowdyanefr@cnbc.com
569,Wikey,kwikeyfs@netvibes.com
570,Graber,agraberft@ox.ac.uk
571,De La Coste,tdelacostefu@scribd.com
572,Yegorkin,lyegorkinfv@nbcnews.com
573,Courtenay,acourtenayfw@forbes.com
574,Pulster,hpulsterfx@google.co.jp
575,Brice,bbricefy@ocn.ne.jp
576,Brittlebank,bbrittlebankfz@vimeo.com
577,Limrick,mlimrickg0@springer.com
578,Clemendet,gclemendetg1@timesonline.co.uk
579,Andras,aandrasg2@shareasale.com
580,Fitzsimmons,mfitzsimmonsg3@goo.gl
581,De Ruggero,dderuggerog4@ftc.gov
582,Fourman,ffourmang5@tripadvisor.com
583,Goley,dgoleyg6@php.net
584,Coldtart,rcoldtartg7@sciencedaily.com
585,Dabinett,ldabinettg8@jigsy.com
586,Twort,ltwortg9@xinhuanet.com
587,Moizer,rmoizerga@lycos.com
588,Nobes,vnobesgb@vinaora.com
589,Bainbrigge,lbainbriggegc@sbwire.com
590,Najera,anajeragd@mlb.com
591,Lorek,clorekge@apache.org
592,Dallicoat,hdallicoatgf@furl.net
593,Wattingham,kwattinghamgg@state.tx.us
594,Petz,lpetzgh@tuttocitta.it
595,Giraths,vgirathsgi@tiny.cc
596,Berzon,pberzongj@ameblo.jp
597,Mallatratt,cmallatrattgk@pagesperso-orange.fr
598,Sneezum,asneezumgl@edublogs.org
599,Bullion,lbulliongm@opera.com
600,Scolland,kscollandgn@apple.com
601,MacKonochie,bmackonochiego@parallels.com
602,Reims,freimsgp@myspace.com
603,Mattioli,smattioligq@ehow.com
604,Reedick,sreedickgr@addtoany.com
605,Jeness,pjenessgs@nymag.com
606,Carnew,gcarnewgt@cnn.com
607,Cuesta,rcuestagu@opensource.org
608,Euels,ceuelsgv@prweb.com
609,Stillert,ustillertgw@moonfruit.com
610,Le Noire,rlenoiregx@instagram.com
611,Allchorne,kallchornegy@rediff.com
612,Cambden,dcambdengz@seattletimes.com
613,Cragg,lcraggh0@eventbrite.com
614,Sanpher,esanpherh1@msu.edu
615,Agar,fagarh2@ovh.net
616,Glazzard,aglazzardh3@mtv.com
617,Vyel,cvyelh4@spiegel.de
618,Pinkard,cpinkardh5@trellian.com
619,Widdicombe,lwiddicombeh6@patch.com
620,Spurgeon,lspurgeonh7@washingtonpost.com
621,Mannie,smannieh8@miitbeian.gov.cn
622,Attew,battewh9@bbc.co.uk
623,Pilsbury,npilsburyha@dropbox.com
624,Abrahamsohn,labrahamsohnhb@desdev.cn
625,Dredge,cdredgehc@storify.com
626,Tryme,etrymehd@baidu.com
627,Camilleri,ccamillerihe@oakley.com
628,Guite,tguitehf@uiuc.edu
629,Shimuk,ashimukhg@yellowpages.com
630,Stebbin,dstebbinhh@e-recht24.de
631,Warren,awarrenhi@issuu.com
632,Blumer,mblumerhj@npr.org
633,O'Sheerin,rosheerinhk@sciencedirect.com
634,Warbey,mwarbeyhl@webeden.co.uk
635,Blowfelde,pblowfeldehm@oracle.com
636,Cudde,ecuddehn@theguardian.com
637,Gylle,ngylleho@ted.com
638,Gilliland,bgillilandhp@uiuc.edu
639,Brompton,gbromptonhq@sakura.ne.jp
640,Fooks,rfookshr@vinaora.com
641,Wadhams,cwadhamshs@chron.com
642,Bugge,vbuggeht@patch.com
643,Allot,wallothu@oaic.gov.au
644,Butt,lbutthv@typepad.com
645,Roden,crodenhw@hc360.com
646,Coldwell,kcoldwellhx@sogou.com
647,Duester,mduesterhy@rambler.ru
648,Bowes,mboweshz@issuu.com
649,Simnel,asimneli0@weibo.com
650,Connelly,cconnellyi1@cnn.com
651,Leahey,rleaheyi2@fotki.com
652,Snoxell,rsnoxelli3@ca.gov
653,Jacobi,ljacobii4@ameblo.jp
654,Franzman,pfranzmani5@google.es
655,Blow,tblowi6@ycombinator.com
656,Pina,bpinai7@alexa.com
657,Starr,hstarri8@gmpg.org
658,Guerrier,aguerrieri9@over-blog.com
659,Seally,fseallyia@homestead.com
660,Le Provest,wleprovestib@sciencedirect.com
661,Skilbeck,lskilbeckic@wufoo.com
662,Alvarado,jalvaradoid@smugmug.com
663,Eadmeads,deadmeadsie@bbc.co.uk
664,Waddilove,kwaddiloveif@ocn.ne.jp
665,Kennett,gkennettig@hubpages.com
666,Langmead,flangmeadih@time.com
667,Shawell,hshawellii@desdev.cn
668,Eccleshall,jeccleshallij@quantcast.com
669,Tandey,atandeyik@blogger.com
670,Brecknock,sbrecknockil@admin.ch
671,Llewhellin,tllewhellinim@comcast.net
672,Lamlin,slamlinin@desdev.cn
673,Cosham,bcoshamio@telegraph.co.uk
674,Stockport,gstockportip@theatlantic.com
675,Dictus,ndictusiq@ustream.tv
676,Hutchinges,nhutchingesir@mozilla.org
677,Sergean,lsergeanis@tamu.edu
678,Boecke,cboeckeit@hexun.com
679,Duplan,cduplaniu@omniture.com
680,Jorry,ajorryiv@wsj.com
681,Room,jroomiw@stanford.edu
682,Norcott,knorcottix@freewebs.com
683,Evemy,cevemyiy@adobe.com
684,Greschke,rgreschkeiz@utexas.edu
685,Drewet,ddrewetj0@themeforest.net
686,Antoniou,hantoniouj1@hhs.gov
687,Le Friec,elefriecj2@elpais.com
688,Bisley,bbisleyj3@china.com.cn
689,Faherty,jfahertyj4@census.gov
690,Goldingay,egoldingayj5@yahoo.co.jp
691,Meas,bmeasj6@themeforest.net
692,Blinerman,hblinermanj7@bigcartel.com
693,Scard,pscardj8@chron.com
694,Windham,ewindhamj9@over-blog.com
695,Ghilardi,gghilardija@comcast.net
696,Rogger,broggerjb@google.ru
697,Prandini,cprandinijc@yandex.ru
698,Hayen,thayenjd@ow.ly
699,Guitel,wguitelje@uol.com.br
700,Avramchik,gavramchikjf@de.vu
701,Finnigan,tfinniganjg@senate.gov
702,Alwen,lalwenjh@europa.eu
703,Mandy,mmandyji@biglobe.ne.jp
704,Wycliff,nwycliffjj@cmu.edu
705,Carlan,rcarlanjk@census.gov
706,Kaplin,rkaplinjl@infoseek.co.jp
707,Kington,akingtonjm@hhs.gov
708,McEttigen,lmcettigenjn@ibm.com
709,Matovic,pmatovicjo@ezinearticles.com
710,Quodling,vquodlingjp@quantcast.com
711,Glanert,bglanertjq@mediafire.com
712,Kuhnwald,tkuhnwaldjr@flavors.me
713,Beddows,hbeddowsjs@wordpress.com
714,Ogilvy,jogilvyjt@booking.com
715,Readwood,breadwoodju@is.gd
716,Chittem,kchittemjv@lulu.com
717,Petrozzi,apetrozzijw@dedecms.com
718,Mayte,dmaytejx@webmd.com
719,Deboick,kdeboickjy@amazonaws.com
720,Huleatt,rhuleattjz@etsy.com
721,Tattersdill,mtattersdillk0@upenn.edu
722,Burress,aburressk1@home.pl
723,Bordone,ebordonek2@liveinternet.ru
724,Livingstone,jlivingstonek3@devhub.com
725,Singers,msingersk4@mit.edu
726,Dinsale,edinsalek5@reuters.com
727,Goldie,pgoldiek6@umn.edu
728,Cubberley,acubberleyk7@simplemachines.org
729,Jolly,vjollyk8@hostgator.com
730,Causby,fcausbyk9@odnoklassniki.ru
731,Siley,rsileyka@typepad.com
732,Edon,gedonkb@flavors.me
733,Parnall,hparnallkc@smh.com.au
734,Calow,ecalowkd@diigo.com
735,Budgeon,abudgeonke@oakley.com
736,Pridmore,bpridmorekf@netscape.com
737,Gomersal,jgomersalkg@blog.com
738,Van der Krui,lvanderkruikh@scribd.com
739,Sommersett,ksommersettki@gnu.org
740,Pauncefort,ppauncefortkj@indiatimes.com
741,Goodfellow,cgoodfellowkk@nature.com
742,Le Grys,klegryskl@prlog.org
743,O'Driscoll,rodriscollkm@multiply.com
744,MacAnellye,amacanellyekn@miibeian.gov.cn
745,Pinnell,dpinnellko@canalblog.com
746,Cartan,ncartankp@house.gov
747,Lovitt,rlovittkq@networkadvertising.org
748,Bannister,fbannisterkr@pcworld.com
749,Darinton,adarintonks@instagram.com
750,Merricks,amerrickskt@foxnews.com
751,Garric,jgarricku@telegraph.co.uk
752,Hrishanok,yhrishanokkv@noaa.gov
753,Nehls,knehlskw@nasa.gov
754,Korba,skorbakx@liveinternet.ru
755,O'Collopy,docollopyky@netvibes.com
756,Sore,bsorekz@disqus.com
757,Izakovitz,aizakovitzl0@dell.com
758,Lotherington,glotheringtonl1@ocn.ne.jp
759,Guyan,hguyanl2@fotki.com
760,Dyett,mdyettl3@paginegialle.it
761,Allam,kallaml4@gravatar.com
762,De Michele,ndemichelel5@mashable.com
763,Rosindill,arosindilll6@illinois.edu
764,Cristoforetti,dcristoforettil7@amazon.co.uk
765,Krienke,pkrienkel8@narod.ru
766,Sextie,lsextiel9@taobao.com
767,Tathacott,rtathacottla@facebook.com
768,Birkhead,dbirkheadlb@blog.com
769,Gurry,rgurrylc@samsung.com
770,Featherstonhalgh,mfeatherstonhalghld@blinklist.com
771,Skurm,askurmle@arstechnica.com
772,Phillcox,bphillcoxlf@w3.org
773,Claiton,lclaitonlg@dagondesign.com
774,D'Costa,adcostalh@wiley.com
775,Behr,cbehrli@baidu.com
776,Cantos,dcantoslj@mac.com
777,Bracken,gbrackenlk@hhs.gov
778,Yashunin,cyashuninll@telegraph.co.uk
779,Order,sorderlm@dagondesign.com
780,Makey,amakeyln@blogtalkradio.com
781,Lambillion,zlambillionlo@yellowpages.com
782,Hallard,lhallardlp@abc.net.au
783,Couvet,tcouvetlq@vkontakte.ru
784,Bondy,kbondylr@taobao.com
785,Ramm,rrammls@clickbank.net
786,Keeble,pkeeblelt@unblog.fr
787,Dawdry,vdawdrylu@telegraph.co.uk
788,Corbould,acorbouldlv@businessweek.com
789,Voff,bvofflw@comsenz.com
790,Jollye,tjollyelx@europa.eu
791,Astill,aastillly@wordpress.com
792,Chillistone,achillistonelz@nationalgeographic.com
793,Gilliard,mgilliardm0@ebay.com
794,Vost,cvostm1@google.ru
795,Truder,atruderm2@jigsy.com
796,Gynne,sgynnem3@networkadvertising.org
797,Sibary,csibarym4@aboutads.info
798,Schimmang,jschimmangm5@psu.edu
799,Bullant,fbullantm6@cafepress.com
800,Draper,adraperm7@kickstarter.com
801,Stoffel,cstoffelm8@moonfruit.com
802,Dockreay,sdockreaym9@cafepress.com
803,Mathewes,wmathewesma@jugem.jp
804,Chicotti,mchicottimb@reuters.com
805,Dugmore,bdugmoremc@mtv.com
806,Brearley,cbrearleymd@seattletimes.com
807,Kempson,nkempsonme@indiegogo.com
808,Bakeup,rbakeupmf@princeton.edu
809,Daggett,mdaggettmg@bandcamp.com
810,Sarsons,jsarsonsmh@ycombinator.com
811,Pebworth,spebworthmi@fema.gov
812,Taggerty,ttaggertymj@drupal.org
813,Ride,cridemk@springer.com
814,Chadbourne,mchadbourneml@slashdot.org
815,Fielders,pfieldersmm@businessweek.com
816,Kroll,hkrollmn@answers.com
817,Pyott,spyottmo@wordpress.org
818,Jorck,ajorckmp@cbc.ca
819,Reavey,greaveymq@cdc.gov
820,O'Reilly,coreillymr@xing.com
821,Plail,aplailms@scientificamerican.com
822,Potzold,bpotzoldmt@mysql.com
823,Scothorne,sscothornemu@house.gov
824,Litchmore,alitchmoremv@nymag.com
825,Bayford,rbayfordmw@sun.com
826,Broady,bbroadymx@examiner.com
827,Nutley,rnutleymy@nytimes.com
828,Muff,tmuffmz@themeforest.net
829,Garnsey,igarnseyn0@sogou.com
830,Loach,cloachn1@timesonline.co.uk
831,Risom,arisomn2@shutterfly.com
832,Koenen,skoenenn3@dailymotion.com
833,Boow,mboown4@netvibes.com
834,Ausiello,causiellon5@github.io
835,Pithie,epithien6@yellowpages.com
836,MacAlpine,imacalpinen7@cbc.ca
837,Tomczynski,etomczynskin8@adobe.com
838,Curthoys,gcurthoysn9@squarespace.com
839,Clibbery,lclibberyna@angelfire.com
840,Marciskewski,nmarciskewskinb@booking.com
841,Maunders,smaundersnc@mayoclinic.com
842,Fewlass,bfewlassnd@illinois.edu
843,Hugonet,ahugonetne@springer.com
844,Iacofo,piacofonf@independent.co.uk
845,Werrit,rwerritng@tiny.cc
846,Berrington,fberringtonnh@msu.edu
847,Pearle,gpearleni@furl.net
848,Schrieves,sschrievesnj@deviantart.com
849,Farady,bfaradynk@vimeo.com
850,Skala,sskalanl@tamu.edu
851,O'Cleary,roclearynm@scribd.com
852,Cassie,acassienn@umich.edu
853,Banbury,ebanburyno@noaa.gov
854,Pirot,fpirotnp@goo.ne.jp
855,Luscott,jluscottnq@reddit.com
856,Feaks,ifeaksnr@archive.org
857,Crass,acrassns@ibm.com
858,Lewsie,tlewsient@histats.com
859,Jancic,mjancicnu@pagesperso-orange.fr
860,Tatterton,ttattertonnv@japanpost.jp
861,Fairholme,lfairholmenw@chronoengine.com
862,Scase,mscasenx@si.edu
863,Veracruysse,fveracruysseny@free.fr
864,Tourot,etourotnz@dyndns.org
865,Drees,pdreeso0@spiegel.de
866,Murdie,jmurdieo1@techcrunch.com
867,Beetles,lbeetleso2@disqus.com
868,Edgson,bedgsono3@un.org
869,Haily,chailyo4@behance.net
870,Popeley,ypopeleyo5@goo.gl
871,Dymott,rdymotto6@networkadvertising.org
872,Clemitt,dclemitto7@wikia.com
873,Vassay,svassayo8@xrea.com
874,Castilljo,bcastilljoo9@odnoklassniki.ru
875,Lowry,glowryoa@mayoclinic.com
876,Silliman,rsillimanob@dyndns.org
877,Renvoise,rrenvoiseoc@moonfruit.com
878,Jeske,fjeskeod@youtu.be
879,Kener,ekeneroe@fema.gov
880,Rawdales,grawdalesof@tripod.com
881,Dunphy,edunphyog@psu.edu
882,Piers,rpiersoh@reference.com
883,Gottelier,dgottelieroi@npr.org
884,Drewett,ddrewettoj@intel.com
885,Kittman,bkittmanok@wisc.edu
886,Altham,talthamol@smugmug.com
887,Chawkley,tchawkleyom@google.de
888,Mercer,smerceron@vistaprint.com
889,Stearne,jstearneoo@netscape.com
890,Bridgeman,lbridgemanop@fc2.com
891,Wheeldon,jwheeldonoq@blogs.com
892,Eslie,oeslieor@smh.com.au
893,Faraday,ffaradayos@fastcompany.com
894,Shakelade,dshakeladeot@un.org
895,Kermode,okermodeou@sitemeter.com
896,Leeke,mleekeov@ovh.net
897,Glassborow,dglassborowow@cnbc.com
898,Buessen,mbuessenox@businessinsider.com
899,Fernie,afernieoy@reference.com
900,Gianneschi,rgianneschioz@wunderground.com
901,MacDougall,emacdougallp0@reverbnation.com
902,Edland,aedlandp1@arstechnica.com
903,Cutcliffe,rcutcliffep2@tinypic.com
904,Kyles,tkylesp3@blogger.com
905,Studde,pstuddep4@icq.com
906,Kerridge,bkerridgep5@tmall.com
907,Braime,obraimep6@intel.com
908,Heaselgrave,jheaselgravep7@hexun.com
909,McVey,imcveyp8@loc.gov
910,Muff,mmuffp9@ucsd.edu
911,Stredwick,bstredwickpa@tamu.edu
912,Jonsson,djonssonpb@hc360.com
913,De la Yglesia,edelayglesiapc@cam.ac.uk
914,Pina,kpinapd@ask.com
915,Oldroyd,doldroydpe@ow.ly
916,Stickins,mstickinspf@blogger.com
917,Harlett,sharlettpg@whitehouse.gov
918,Boshere,sboshereph@flickr.com
919,Hendrik,lhendrikpi@reverbnation.com
920,Baudet,cbaudetpj@sciencedaily.com
921,Beauvais,lbeauvaispk@com.com
922,Geering,dgeeringpl@adobe.com
923,Roglieri,croglieripm@ca.gov
924,Capaldi,mcapaldipn@ycombinator.com
925,Coopland,hcooplandpo@goo.ne.jp
926,Crutch,bcrutchpp@plala.or.jp
927,Cardenoso,qcardenosopq@earthlink.net
928,Frangleton,vfrangletonpr@hubpages.com
929,Rives,lrivesps@cbc.ca
930,Arlett,tarlettpt@umich.edu
931,Cornely,scornelypu@sohu.com
932,Sinton,gsintonpv@forbes.com
933,Lord,blordpw@mozilla.com
934,Fronzek,dfronzekpx@narod.ru
935,Presslee,epressleepy@vk.com
936,Austwick,caustwickpz@aboutads.info
937,Aikenhead,uaikenheadq0@wordpress.com
938,Merrett,wmerrettq1@facebook.com
939,Hollebon,bhollebonq2@youtu.be
940,Ridde,triddeq3@hostgator.com
941,Jakeway,fjakewayq4@loc.gov
942,Goodlad,agoodladq5@jimdo.com
943,Tuminini,gtumininiq6@github.com
944,Hassekl,vhasseklq7@google.nl
945,Crichmer,ccrichmerq8@soup.io
946,Davidovici,zdavidoviciq9@symantec.com
947,Corpes,hcorpesqa@indiegogo.com
948,Danter,adanterqb@psu.edu
949,Potell,cpotellqc@soundcloud.com
950,Abden,tabdenqd@seattletimes.com
951,Paulus,apaulusqe@devhub.com
952,Fingleton,dfingletonqf@ebay.co.uk
953,Pisco,spiscoqg@uol.com.br
954,Kiely,dkielyqh@typepad.com
955,Bilton,kbiltonqi@springer.com
956,Vondrach,avondrachqj@typepad.com
957,Wikey,fwikeyqk@reddit.com
958,Brimman,bbrimmanql@t.co
959,Gosnold,cgosnoldqm@addthis.com
960,Pane,hpaneqn@unesco.org
961,Musgrove,hmusgroveqo@harvard.edu
962,Norsister,knorsisterqp@sfgate.com
963,Swindin,cswindinqq@techcrunch.com
964,Carcass,kcarcassqr@pcworld.com
965,Canedo,ecanedoqs@angelfire.com
966,Baldrick,mbaldrickqt@reuters.com
967,Struss,hstrussqu@engadget.com
968,Whatford,cwhatfordqv@angelfire.com
969,Connew,yconnewqw@goo.gl
970,Straffon,mstraffonqx@paginegialle.it
971,Conyard,cconyardqy@artisteer.com
972,Simmans,ksimmansqz@google.com.br
973,Streeten,gstreetenr0@goo.gl
974,Ruler,trulerr1@ucla.edu
975,Cursons,acursonsr2@unicef.org
976,Flinders,rflindersr3@japanpost.jp
977,Felix,nfelixr4@telegraph.co.uk
978,Locksley,glocksleyr5@bbb.org
979,Blodg,nblodgr6@xing.com
980,Macewan,mmacewanr7@npr.org
981,Stebles,msteblesr8@digg.com
982,Barr,mbarrr9@vistaprint.com
983,Vant,avantra@amazon.co.jp
984,Slayny,lslaynyrb@discovery.com
985,Crews,fcrewsrc@latimes.com
986,Matyja,mmatyjard@gravatar.com
987,Clitsome,eclitsomere@yellowbook.com
988,Pleuman,spleumanrf@ftc.gov
989,Horrod,phorrodrg@cbslocal.com
990,Riccione,ariccionerh@hibu.com
991,Stourton,wstourtonri@tumblr.com
992,Farthing,mfarthingrj@unesco.org
993,MacGinley,cmacginleyrk@pagesperso-orange.fr
994,Sergison,asergisonrl@buzzfeed.com
995,Smallridge,osmallridgerm@google.nl
996,Blaxill,eblaxillrn@twitpic.com
997,Belbin,abelbinro@sina.com.cn
998,Marl,pmarlrp@hubpages.com
999,Ferrara,dferrararq@whitehouse.gov
1000,Bootton,aboottonrr@ifeng.com
